<?xml version="1.0" encoding="UTF-8"?>
<project-private xmlns="http://www.netbeans.org/ns/project-private/1">
    <editor-bookmarks xmlns="http://www.netbeans.org/ns/editor-bookmarks/2" lastBookmarkId="0"/>
    <open-files xmlns="http://www.netbeans.org/ns/projectui-open-files/2">
        <group>
            <file>file:/C:/Users/nelso/OneDrive/clock/library/uart_lib.c</file>
            <file>file:/C:/Users/nelso/OneDrive/clock/sandbox.X/main.c</file>
            <file>file:/C:/Users/nelso/OneDrive/clock/library/i2c_PCA9685_lib.h</file>
            <file>file:/C:/Users/nelso/OneDrive/clock/library/i2c_PCA9685_lib.c</file>
        </group>
    </open-files>
</project-private>
